"customer","raw_text"
1,"‘ ‘ y ) \ i) hI A f is j Fj . |
\ ‘ / . 5 } f lye yh \ \"") Gy ss 4 rao ‘ Z\.\ a
; \ |\ My > \F ( >| Kin yr / B / “an
eS A od —_ \ 20 Mi a \ See
- Il : 4, as | | | y V ” | t . A\ , yi i < ]
‘ ‘ :
< Tax Involoe taf
‘ / . a ee
f wat mr, ¥, LOFRO 0720220882 gat were mt Reel C34 Wr Be i ,
SF fees) : WITS Gat Wey ae | | Si
FF J sted, cio 0720220061 gar MOET? SEAN RASS SOREN!
: ~k fea er ¥, OSD 0720220064 SAT HT, ATTN, ere ecewer weer, er, fOr, rere A. gccqucuuge —
| 4 : GSTIN No, 27ACAPY3012C220 ~ Oe Qaern alow seen a mafeofor Arde, al tC
= i 5 “Siees ih AVRUS
yo we a ae
- ; lo. OA Fs ee Eve am ™ 1. maaan I ion a he ee
= le jj —___|____+___-_ += =
; i) | a = = he aot la er | |
| i | & anor arene Pr "" A iv) 7 a ny Pris | 0 (eo)
“. ' = mizA b_-AU Ay a4 Ne | }
ae | a a ‘ : | THO
i +--+ ; |
ie a i a a
; i ”
crept oe
man ees | ca c.
a satay | |_|
ee antecer || boohm |__| 1
p . | (ao 7
: Bz - Y srong Gara obs ie “ Nam i (
"
11,"2 = wee =i 4c “# * : =
ita, a. fer. erat
omaiies sad. a)-feara | nas, 2 Go etteer wearer fereschre. }
TL. ? J fe: 24 /) 9/202
Wag Guia / mw ratte aa
hl 2 :
Enfournte? 2 hoqdm cn {AO
be Ardracol - Bram - 21498 :
mifnve, (i Of
@) 0:42:49 - | Neey — ESdv
©) Humic - | IZq ~ Sv
j
"
12,". a eh
>
; sad a | .
: : 4 + mae
se “yf Fa
: —
Ee mn —
geome (Cs th =
: | =) |
, —_ 4
“a \ ™ -~
ae _—_—_—$<—<— $< — $$ $$$ ocr oo.
=> 1914 a a
| aj sja 4
=o i oF o
4 lal J > 4 i.
EPs = | 3 o
aeeacease i= “
* } i i ws ' tie
z 14 Z| j re / ==8
= jal | 3 a
& y | 4] } < S :
x ee ee ee ee eee) = A
= 3 la] | >a Sp
as ' i
ifs ~ | >| | & '
LY = 4 =
: z IRs
— ? & a
; a j i =P +
a 2 | “i | ? a &
: = a | if ° .
> on "" 4 i | oP S ;
poss » ~ 4 | 3 =
Ae * > y | x : ¥
a any a5 4
& - )
&. al
fe 2. |
e ;
atl a a | nN = y
8 * re
4 s | 3 )
“a | a an ao 8 =
¢ ae a Pies
<4 — | 44 | > =
a om ‘ oil ss
\c 3 Hh e cin “&
: - ao ~~ {
wt Be i, “a a : _
ma, » a |e a4 "" 222
a oc) ek Soe —_——— LA) | S 2 5
= | eT lew inlzial |= Ee
i Perris i, Ne bal 2 nos
"" ‘ - b * ~ ‘ } 4 Oo 1 G >
j = * ed “, vw dich Ly} 0D a S ©
— PI 4h € 2 oe TIS
| > 4 Aer lol aly 1.1 oe ess
‘sn d } } i ) |
i p 5 a, | he “
y ~ . 7 '
: . 0 ee i j
a ' f . er hee
r Bag cee
vais ‘ — =<
"
13,"’ ~~ ~~ A
< * hae
een a » , ‘ Pe *
. r im eet / . —"" ae
ve i ea, "" Py = * . “ ;
fy Ba - "" ee
; — 4 y * eer
, ~ ral as
a a Bae » P “i is ni,
: wie Sg Pes -
sg ‘ pe Se yt lt
. Ey nm Saag Sake. : a ‘
‘i rS ia e ‘yee ae Bs
RS ron “aly é * # Z
eee valk ll : * ek
« , ed “ k 3 =? yas
i a a ; é »
P. wee ‘kel ; - ‘ ©.
rae 2 ; ms A . Ps ag
2. ae ' sae ' i e
my as a , 4% #4 i / 7 1 +
are aa
id ; <— ra. ~~ i-t eee * ‘ vit a 4
) : a i,
, —— *, s @
3 £
4 Fs é 4
~ "" ae. ‘\ x a
; ~ mY, : € hy f J bt  ¢ + te ag
‘ : P ;
{ 7 3 big a
; Pe
a > gee
: F : a
‘a : ©
# ss +.
.” ) ~_—
J , med
5 3 * ”
es
» , : 4
3S + te. see :
i, ie e] A ‘i a
z . : a ee
etawe * fe =
° P - ‘ , Zé o 2
+s 2
ni $
a a
r. —
Lae a
"
14,"Pee 8
ai Pe .
i = Ee.
; . 3 2 oe ® Q -
A) «) @ Do y& do a
Fay) WAM 4 =
: « ve =
ka| | ee 4
var iS § 4
sie is S Ee & . 4
E = ar 5 + 2 ¢ 4
vw & A ; ay oo” a
Ls . + a
“a Mi ad = t . : ! a
Fieii| x f
“ar ~ a” Ib (hr a
af - oo “a
e& Lill , oe red 4
At er To) (© fe 4
S| “hy =
f * , . . .
rip ~ a 4
"
15,"5 oe
2
a -
Y Fim .,
~) j | oe 4
£ 7 8 :
Es tT ""9
‘ ; Ce) _
- ‘ : ty . 4
is if ~ Ee
sik :
; sh ~Y ;
: - 7 8 i. i oo {| 9 %
» ices * | & ~ HH ; No “

: . v Mm . : 4
a Ae L q
. zis ’
a . | { 4
De. * a \ { 4
as > ; .
i a <4 > z Oto i
eas >. 7 %
1 iti . a :
4 G. 5 | = be £e a4 “ 4
“ae - hae oe ee 2 a
phe > 4
=: z o gz ® / ea, om
a i Butt i a
a me o t ee
ai os a i Ba: :
ioe - ‘. i F> ee es nh:
""aman a # ad SS ea ae Cale ee is
ee: ‘ } COSTES 8S as
ae a SS rg
= Nie * */ <7
Bo
Be a gaa re

a «, * 4

ae 7 ‘

“ “ LA : :

_ t ‘ ; -

ae <a : Pe

oe

Se

en

Be .
eo
a

pe

ee
"
16,"a. ”
a ol ; . 2
4 EC
BS igs
Bo <4
oe 2 4
are a | > Ba
oc , H 2
am * ’ ‘ j 4 re | 24 3
Ee ‘ ms a 4
‘ 4 4 ae ; 3
4 . ; + AS aa
4 ~~) at 4 a) a
4 ; , of SS
E é i= 7 a
4 = 21a a
a ‘ ) ei 3 hed a
e ) d > Be
. . 4 2 a 4 #) ony
. a Real 4 iad ; ¢: 4
a i ay re . 3 ae
ce i ion 5 - =
oo ; 4 ew . ee
oe > 4 3
cS — o ay 4
ae . & ™ 213 Be
fe / Sinai >) 4g - ae
eat ~ _ ai a, a
j >> a IER 4
eS > — % ‘1 ) . "" = igs
a > e <i 1 Alt "" ces
a “~ ; , ed
E “ ¢) 7
q % =} 4: P
: mo. 66 at
4 mw ial & e
BE . fbises oe
: ; 4 S Ee
| ~~ © iicsia
4 Cs a bs Ps i9aZ ee
: | 4g Sy \ i iz a Pe
x al YA ? ~ p) 4 as ' S a :
- ) om ton | ae
4 5 Gy 6 om o og i3 a oe
bs . ° 3 i ee
: ' ss > 7
"
17,"ay
= AEE PV a Me
ON SN Serr NS ci
a Cpe ef OS 5 Ae eee \
<0 ase Ke: Wie ij PRR Abii. BY, Vi is
AS iN LSA NGS LN AI NY
2 SINGH Ths Le SANE RT ST
- la te WES VEN Y. i PUI
OTT aoe ig Ki SKY 4
STs Be Zz aS, CaN Wife
x x Nt Gy aa) 58 » AD
x y epee, < Viaiieers: \ as
My ISIN A NAIR LR TRIS ORG Vr
i PAPAIN Wey a\ Ss P
TaN Sco ie PN ca i aay Al
Tee - CJ ; Shir
‘iim, LCFRO 0720220882 SAT - > | 2 20 r: G {
iin ticoeme on ars Pheer [ba 25K bal :
Rem csoaramesa 3 ae, ermt-rTanA ww. mansccwnye pe 1H -
sina aeaeraczn poyallnlahdl bi in: esha Y,
TART Aye eT) me
pa 2eeee | fab} [| aa | laseleeea
mop umitel Tif TT 2 25| 5050 -
2 afer ee | ge ted rae |e | | R
| a ee) >
bn a Tes ee
om oS a ‘ Z
IJ Petysutphakel [| eomqe [| cal 200 Yas
Kal eset accent | bite 14 Ty | 2c0| Zoo\ fae
a RO
[a a | Sh aa)
—— cae ae
erecteng Y —— x
4 rir wat ert a Le:
; ae
j Ne Pe Nie TN aA
: Pee ee SRE ING as?
a - (> >? SSS
; \ \ 7] we Oy (
c = ~ \
Ps PR WIN
/ SHEA V\ AF “i )
f AGEN ) as TAC RAW \
i. a WWE Na AS ;
"
18,"eee ese aa pre rey ed
: ‘ eA ee ae y
a. ""
ia 3S. si a i il il i ue
“Teag 3a | AGal
1 VS CH ssc8) ‘i
oa : Ses | eo.
- ts : , 9 a 2 z * ie
r ? | as
| 43 | | | 5 a oe *
Pewee yt Ae ee
oo IRE: oe
4 Bes | * 3 g 4 & f = ee
C| ; eS
x Ls | | ° Pe oR a:
x] a « = Eee
| me: > Boos
— | 5 ; ey
| : | . q “a : 5 sere ar
Es \ 4 | >: ie
4 af -
qd ee 12° ab | Bie
fo ~ A Fi : 4 Oley Bl.
a ae | § =? Sie
2 we Be aay
Bs 4 | a tre oh fas
ec HITT te ie
x vie ie
a =a) ee
2 q 4 ne ~ Be Sere
Is= 4% i) 8 tS
. iS lela AL ee (ad R
he Q |W ~ eee Ma
a 0 SS Oo 2x hy MR
() Xe) ND © Oo F) >
© | a Ns e :| a ee
| | g |e & 3 8 | ASS a
Ee | SES FO Sa
~:~“ eae , i. at
—- Fee
7 aa
aes q e., ae
"
19,"oe fe. © / to /2Oy
Haiez a | aba 4521061485
es acta
») See Gur enh =o s
me, Wem | ap yw = 20
® ad Ria Agere 2 “SSS
OQ ng wser hein i Oe
) ee \ : ifeo
(cy) GA 15° Iw =
|S8®
"
2,"gt Ts CE ST To Tn EIA “
! ‘
= . re orm scores amet Ua (BSc Aarii ‘
— ON ft tsi bs hea Eo | AIA ASATISGI<E SSSI TIMI (eww Pee *F
ics | ! ane At.9130804806
meee - 12 eo 9545583585
B10D CH, AM, W GT abs aera frociict. alr, (7302 Y 7
na e “ t F, 4 is:
_ hy. ote | ee | CHU LEA
— i 4 ia etl L 7 A ‘| Gil | j 4
Hai. Sun tine | (25 J"" a1 | kPa q
)
; ; / ; } _
mM , = —_- { ; Cb ) {<o ss 4
fifea r fo Tso | | | ba ®
— SeyAyCP ete aa | ) : oe
! | | | ) ) Sg
S fc Pto aproricH <2” | ful OY |e B 4
‘ : ; ;
3 ) ) ) ae
q ; | : | P
; ; | : ;
- 4 . "" rarer ryt enennntpepetmarmmntenenbianen / x ; ;
% 7 be ;
ee Bf aT ae
Ne COqiKd kell FZ TS STK ra atpaey Teraray rors: 9YAt sara we >- } { to
4 : ; ee FS TDS. IGS SAG IGSTST ORT SIT SIAR Sree, | ; :
men Wei PMiet ae 1 deter ae A :
4 v- - | Way | r
3 or. y Pa \.2 / va fe) é
Biaicid) ety) Detidl el ates Rg) ee
= p tee | tt te : .
"" aay - Q aH ne as = = i
"
20,"or aiDee -
ae |}
Y EEECELLEEEET 1a}
‘ z| 13 |:
ant i eal
g a H 4
al
BCOREDE ES
; E 4 4
PUL UELELEBAE
"
21,"ANS) AS A :
“Bile Mlalin 1h Dah ApLpbt> [2inrinkee Wile db] 4
.  A———_—EE
| {
| q
| q a
a G\~7 Ge =
- ¥Z | Cias rea-4FZ ‘o) dbl q 3
ee Se a ca
bind pidih| ble | Abb ale | “ dine bzhD b Mek Bilis 1 ..
: Bt
est at we __________kel {tala 4
beck) (6772) wipers pin pile bh te “epiaile ‘eoDup) ‘Iolbej—lp “REE sPkjpliNs S164 4a
| IAIDIAI9f+1p Spouse J e
) 2 ihe % LIVS6ZbLLZZ0ZZL - GUIDT> E ; ;
= gogyos0eté Fe 2 eS {hee {pe pilbpe Lt papeeseaih -aso1: = i q
(By 099) Abb Bibb lecbipte ""Lilt II bebe BeUBlote Yee 1 IWSOLbOEZOZLO - GID7 : + 7 4
"
22,"Ph N Sp fs. J = VA. LAI. SL
b om \ = egal EAS\, z 7
yy \t NY GGA Ss Nee ez j
TASS Dra | a wee
‘ \ i IN %. 0 XQ S i i fy | A ee yas. >
/ a ZIT if Hi Lg Es
Bape Pas Nn ae
A/ © | wtem.4 LoFRO 0720220852 sat = 1K
tay) NN B | atm ico raca an aa weer ey 3169.
A S fem, LosD ovagzanses SAT yeh, erat, TGR TATE eT, wT. IAT Ah gccavewee ist ,
Tots |] GSTIN No. 27AcAPy30120220 deh eres aver arent a ft Bre, tad E
Zs r m= Prubivicay & Gh Se ee b
SL
TZ P= “ef 1 eee ecereky
Li, | [Oiselpees eg ee |
Ly eeeoeecntee Seohl_fels rt
eee st nae |
; Sp \.0-f a eee
482
ee ae
iD eee
A se a ee
Ge ae a
ZG qecrarg ¥ Cag rong pe eros feet
SE
"
23,"y : r
Wi HH BRAY S] 4 gaze] &
Wa Ee
i aL Mea
BT al eo
3) ‘a ; ele i, Sez
ew 4 Ble Al On (/
a AT sig]] at | || ae
b y eg al ARERR IG WS >
¥ f er aN
"
24,"PT LAK  CRIEDOTSRGAT | fart am. = LCSO (00202300068AT | #9 #8. 4 LGPRD - 0870230114541
%.:1% /90/ 2024
“wer eq aren [ sird POR4EZICS
weedmar - {ut -~ glo :
© Seeqm Pe qv
DY
Bit Ogi © de
Vr,
ia. — Vie
cf st =
Hoo
"
25,"FSA TARA GREEN GOLD FARMER PRODUCER COMPANY ETD Cv
| arposr PADALt, STARA 41519 :
|
asomer Nan! SHTUBHAM DIPAK DHANE i
Address PADALI neal
t
ees
vA et
tho FASRESOOIZD Goods ce sold wil not be Fea ama
gyorg ‘ Cust.talanee Gross Amour |
eemen = : |
‘Steen ed [ 2426300 Dr :
Se Screamo Round Of |
cereal oe _
‘2 Bill Amount: |
snccppotas deren
4 ir For Satara Green Gold F PC Ltd
/ -— a
a >
"
26,"j s Vdl &¢.
f&.: 2¢ 2OR
432013 8456
Like Xk St ASD
\ weegl mar «luk ae
D ee
dj
"
27,"j wee se ae swag
’ 2: A we aft rohan ae 11 sim aadteer ava dank (BSc Agri)
ens ft eet sar Be #51.9130804806 \
: aa agg 9545583585 v
% 17 er, mes, eae a at. Gei7Y (8/209
4 Nag rar CR ne git aoe
7 . , ate [agnacs| oe a
rove \Bie/eet | SEES
20-22. Feulher | JSsFo(T l47¢ | {azo |
: | |
if fe |
| |
j | ie | |
‘ ] pei he a kal em | |
4 y |
fr y | —+————
| “A a we | eae yp
= oo
_ -_ ‘
"
28,"TT
Graretferes 208, ey fererral, fesces, enreres, 22 ca exter ere ferencttcr.
[ste si onsornsea] Rent m2 L080. onn!000OAT] eH mA: LOPRO-cozoze1SAT]
ULB. G fe. 3¢ / 10 /2O%M .
ra Tar } od C/ is 4

i)
NN weedmer ~ | {i} ‘ Ale
meted = aC. Rr
®M Allcewe-— tum z Bo
® in
‘ 20
"
29,": R..
. {
— ee = a
EY ¥ me a,
e @ Bt ~12202210078 a Sonate a Aa
at Be eee
| a S15) ieee /
e 3 ? : m = ,
j (at |e | | &
a | 5
} | | |
4 4 | | \ |
7 Zo, fey = er
"
3,"~_ ; $ rs Pi
| a <—
f Wak Pos
> | ae ° a tz :
i > \ | ; 1 7
ime St Pig = 3, >~ ‘ | .
——e on a or a é a A
. one tS O° | ¥ | a uGen at
a r 1a 2 iQ ted 5 = ie a
oS aan a = 2 “N sg, F ; ! Z| TA VE |
ae oO A fo me CD i
eh Ag i o ° oO 2 a} : mt te | 7A 2 |
oF AGG 5a Ps as 14%5 tes os
ky. oar -~ 1 ae
IPR - ot =x i i a e
‘i 4 Be ae ic e
et -* i eS A
a ‘ _ | e@ . od
eg e or ” ol } oe = gi
ee } | Se ~~
f Go. . & isd
a | lc & £
5 ion *
iS se ; 1 «yy ee
: e 2 | is zo
Cer =
y, yD E ; Cm
rm S| | & ot ae
mem e| IE |? it e
= SB F | | & c.
; o be sae e} | : — * ts
y ‘ Raf — & } | ee e
: ""eg iC gs 3. id ~
ew =
2 43 a Ez z
|  «&E re | = oS
1 we = | l e
ct & a - i)
a aml4 =
am Li > wi =
yi i iH SS ¥ . i ; : =
i j= awit - |
<& a i i ite ee oe ae ee eee ee es
| ‘
=  -E —— = 5
1 : = i Pe
YA Aw icf eve
~— WFP TE | eds
. ic a | “J | Se é
! Lew Pe € v7 S —-
] ed =f » ! ae E
i ww & ; = t
1 od oF oe ? a i
iy oc: y it | i &
i =} - tay : =
re oe %
p j =
B Mo ” &
& @ iT j eg
HIG be | bo 5
5 1% Lis! Di : ; i i
“et i ; | ol 4 j i i
i i bial i i | i : i
m4 ) Lt Dp Bele
| i bys i i i |
bad '
: | | i d i dl j
yy | H { oy A i tr
- | 8 i) / '
:. on i <
4 eo y Nd a er :
= :
/s8 sy : Ny :
erss- =
| S| :
ie Pe
1q@2 » -
am << —- » sili
fod DS os
eas . 2 fee
: af Saad oe Pe Crore a id i Sea MR as RE 4 baidi i Ma ada o ‘ i
"
30,"; ear 1gteiel 4
: 3 a lip ia 25093 ;
| RiBeeerl | Sey | »
Danecaeds: coc
‘ L | Pit eel |=] :b.
| | | | ( #] |Fi a. vs
SS RRRRREES tag | c
aiiitiitii tii is} aso | an
BE ls\| | ees h 3 ie | Z
5 =\) | | | See | Neo a asl | Ak
SES | 4 ae iS | 23 Ss aC
Bigs] | ii} ) | ENetelal [F(a] P i
eg 1) 1} St al 4 shed) & oj
Bey al
NRE
matty yells 2 )<|]
» a r = 3 }
ZS SA NCION WOE = eX
"
31,"At : ae ‘
nam rns ° a ,
PTA RL ROR LS OST ra
[Tex invoice 9 on —_-
aah, 4, LOFRO 0720220882 SAT | f $
shut, LID 072022084 sat aan at tal ey — A
fem. %,LOSD O7atzz0864 SAT ah red, TAR - are, a, fear a, gcawcwec gain oA nt
GSTIN No, 2TACAPYaUt2gzz0 eh ere ete cena arate a, ieee
Pe Soo ate a ¥
am wate CSN] em] era wit | worn | am | a | oer ert ‘
1) 2° 22 Go ee ant xo
» co sas 1 |e own | 9 3snt 20 <
(Ei a aE = i [sz a <<
muy —_—— Te be! ~
(petee | | i — a ‘sa
sees
| | | —_ remy Lesuil 9
i = : \ay
wom? Vang __ emt aaitecte y
3 =
IO Oh Taree
: eee oe gree co
mY - SK emeOe
"
32,"< aur Be ea mec
\ \ s) Xr eaees 6 ae 4 SEZ. PTX ;

: y, YO oro
srs SoS S Fe 80? OE a SOS eae
Tax Invoice Ss So .
Wan, # LOFRD 0720220852 SAT y SS
ated, Loi rater ge ae are ut Bal te Ba cig |. ie
feet mr. 4. LOSD 0720220964 5 3. O. are. BANE - RTs ven, a. Ri. ANT Fh Accqyewuye ee FES
mabe Bemhcrrraoizcrma eft ees hea aren a arefgtn Hide ell =
S35 SaaS TAS Buea r es Se TS Oe.

———— > ww.

a) arefier “Psonic Ba 3 vie
/ ; —— reenter. [ ¢
(Ty aa Set es Ee
1 Ne  Pamee + "" 400

=> > i ___| 9 46K 3
qd pa ctudegt st |__| _t_ ee
3
ON
SS |
=e
E sarong pul

qeerang ¥ oe pore wat
"
33,"Wa TAR (BSc Ag 4

930 2é as Les

“rent rok 7 | é
IRAP fe Shee soig| 1 | level jess | ae
C: : x

- ©

Pat . ' &
eel | rvater Ty
\o° | By

a: se C

‘ 4 ‘

. Gra! GQ =e |
"
34,"WYO Sq Iie [pb Soli (PER (pinion ipfis pupiaaia «
944i | Wo 3 pose bs a
7+ b =x (——~ ""i
: ene |
aga | \ [mia ee | Ae for)
aso WEte Pos | wy aoe VN A) | By:
SSS ok a ae. y 4) |
4 = Te coos ee 4) |
| : = lac
Cdn Acai st 1 Mini Fg
St OS a a see ae Pye yr 0 oy ~~,
aol US t Rah + 1 ae ry DSX
COs | anaes} >—__—_+- ee a
o et ree} +} 5 SES aR ee Cy +
ae 44—__+__| | ~-ANEw SU ) 5
old oss | ote tates} — qe srs va Py
Bho ind a2 he @dipn (pb ‘pp |tesaip 2YsbR fas ie 2S
— 7
Ol PAY Die ~
re |o\ (Iz “Gus DYlz ljG2Jenie p MaKe ReYo Dr!) [}¥ OZZOeLOEAMWOWLE “9 ee 4
ii ai # 7RR7RE?Y ‘le DID ‘yD ‘ss [pinend-g E sreamunsor yt? e
oo  ——_ al 3 SP” +s sx0zz0210 09,
a rece AS) Bap Ns ped Spin ' SRO a
eee tet an 2210au xey Ry
Saye prt ai 3 :
aN ME > op , OOS 4 as >
{ ave We Ch) iE LETS
~> y, oe i ‘ “Fhe,
FSA ALY a SLA : . “NP at ~4
Sf tf] Yj } , ‘
- he | J \
"
35,"l /) fi
f 4 j UA. : Pi Zo * Z
i |
SRE RE LAD rotate wirsigeat pol Sat he * CeczasTT8
ie: 15 E a0). feaot dqa (aranr-zferagg Fs), af. ra {
ae 58 xii, @ Ree, ge she a ie. ater ge Prawer Reet Bar TED 7 /10/ 204 |
Cite | __Sais ener e [RL =
=e ca a
eae | a
Po d= | seer aaa
[
aed | i
Se 22 eel ae api | a
Ea | aa
2 a ETO dg Nt lie [romac]___
- mane oa a
Gar Sa, Rat
wid oe ES ee
"
36,"Se wat URNS eresacoces|
ers ao iar siretigectt ehaade ‘esr
: a8 iqat (rara-zAerTATZ \
ge 4 ant Se Ronigitedes ltrs oho on tikes aac oe
ads RE
-(CHSNNo. [sees [atrr sence] wer ax [enter] om [MRP = | sy)
is cst aes EE ae ea
[oi 2 a | Sear
L Bena _ |
: Lo) oe
——_-se
jimi |
mie ee eel Reeras eter gr x motcefar Probe, [TOTAL] ___))
es ae oe arg Rr i. we te [cost
So FFG be ee en nero Ga Ge
a gh gh bare, wen TOTAL |
are Agree get - ae an
—————————————————————
"
37,"orca a B sjione Be (paling biz
_ TRS oa a ee oe
beng Se lene add 2)
$a SN a A es ae
Vesey et deat AS ER
‘ae — <a ee eee mea Salida
cl” eo noel oe Tapers — 6k
— . ia A388 AS as
WER ="" aa ee ee a Ta
la Ro en, ee rr le a Se ee =
as —+—_|,__ a ee ee ee a ae —2—})
OTT | z ——___=
a ——_t+—_| | — v4 ,
2tS pire | | le are te !
pee inh | > |e | opin Hills | ep fuegan | iO 2yshb
pAb oii ys ——____ ()}9ore FOV La
P2 (OI Lz : omy Mig lefo2elle bade Rep money Ie OzazIOEAaVOWL2 ON NLLSO
Nopz 7RRPALI7Y Ue ID “iy ME (pipet Shiu “ghia yy {VS 996022020 0897 wy ung,
ne Pi i (he sibs {VS 1990220240 0107 sw puye
dpe a 37) AVS 2580220240 04401 sw pp
Ligeti A 89/0Au xe
C& Sits s
"
38,". : Ya
Tax Invoice rn 3 5
merce al rer eth ateg [1 4 18 |
I fend ar. 4. LCSD 0720220964 SAT Sh eee, reat ecard ee, wf, area A gccqucwae io: 2T)\0eH
GSTIN No. 27ACAPYS0126220 i eres to ee waco ks, a
aoe CO
2 HSN | Sen] Fea] wert |
aq ee lee i
nS ee
pray sulphabe | | fot are ae
——
ae
sae essai S52
aS eae ee a
5 a Se a
. ee
a ee eee
| —aaee
i. ee =
‘ qeerarc Y era aor WE
"
39,"—— sis asta tte ll
(qravaferes ert, eit-ferarat, fesces, aneres, 2H Ge ettaer were feranetier.
aI. &.: 27/1 /202G
OMT oererex""] Sh
) Qruder? tht = L440 =
4 #AAike H Ths ed
>) PYSome- evan <— 860
meee
SYD
"
4,"\ . i
. \ Be one
_— aig Hy ee. YY _
a , po cotae a
et ee - ‘, a Pe “ oe
""PT gel tae ett — —
i eaten, a
="" ‘ Ce ee
ae - P i ‘ eee
. — ee
veg
— } —_ ,
_ _——— w
4 ; "" MN MK: crsmceay
. 4 ag?
‘i “4 ¥ «
‘ ee 3B
ee ee vat
d Pets 7 4 yi CY eX sey = » * A yes
acer a x =e RK Se t. ‘ .
43 : = PYLE Voto SE S Bh ) 1 ad ER te —
f ERE Pepe ee a EX RS . a
ane Ie Dee NN FOR i: DE AY OO BPS TN ose yh * aa “o
ANd % j B,.(H ee Eee gas fF F Bh eee NCS x oa COR hac egy i gaa
DWE gestern saa OTL, CRA SA ——— ae
ee OO Se en Sie Ne Vere
RT + POT Cr £4) 3 2 CVO ge RS SE a TIN eer
WA 6 xr fe Wo, ‘ Cs , 4 Ss ‘ — \\)pttes an +) ad <e;,' ‘
= RAR te ote 7, i C87 ARE, SOROS, RE
: \ la \ “ ip ay . ra. DP TD en Mera > Wa q
’ , Ape 5H ‘- ‘ Rye. a oo io _ as: my
P<) VAN it ta ype 4 aS i
f ng yu Wa ‘9. 0 CVD tay OR ed ri ‘\ p.m S M “ » ee ae BP
Vow wits Vi ge ~ 5 be TAK 5 wk Pan V iF |e
i AN GS SE & QAO OR > Com Ja
ss A AG = x : SEAN SONS. |e ND y {
ia WS Pres, 4 Ve Pei Slag ae i! d K VA st
Pt ly ‘ims | ON as AWD en Nt Ay am q C) a Vig »: \
i AiG ey a Ga Nee. ~ P ps y & bs)
Of Al = Sd NRE ik iS Raa” - ae
SO wh rss a . Fah, id INS Se , x) on
RN 4 : ro; ‘an Woe, Tees. if’. 4
’ AY ¢ ys a “ @ we \ Go 2 by @\ 2.3 ts aly
‘ y Ni : wa j > \ c a: 7S ta ra R = A BAS om ‘ =F N » '
Me) Bae eee a a ES) BS
A OAC VN Nya! 7
A eS WH, (oe
UAT WAY ohay feaDgm 24-|0-2024 % Sa
) SLT ope a bi Po ae 4 ‘ ¥ . | 7 \ ; ., ¢ .
ie AY % i / ~ i a \ by) , ar a :
nw dle SS (ALY =~ 7 a ea
= ay Z y Be — Se ry oe 4 2
i LAF — i kK $ , (Poste ve
“A, 9 ae ee SAY os
Roh 1 oe. Ve YRS
mg mm wy
a = x
iy i x
ix <
ot x
ds $i ibfwa cant ei
. 7 PY a \- . ry aN .
"
40,"z}E\|| ©
nil
BIE & 0209 e
Bill & «ee ees. |
4H E
aI Gee
|| asi:
el) 282
é|t\| F ~ ce
Aa} |S
| I) $
Hel ree
|

t) en

Ci 5 ~— DOE
"
5,"we i
yn a
> SHERiTe
ttt GET eT 2 2 a2ae]
; uy, sam = oT
zaar 3]!
oc = se & < i
ise DF 3 So oS = 5 1
w = y Qns BS |
ie — b> Ss S&S
"" ot | 23se8s :
! D 322-8 i
P -P 22a =
a
« e :
& o 4 j
al “
’ :
XN <= — + I
. F a i
& ez Ic ,
G24 a |!
i i
a| 213 |
*| |23 1]:
4s = oo |
f — mt 4 h a
; = = Ee ats i
a ste = 1
a at =] |
| 4 at
1 14 A | + a 4° .
\
>> Od + oe i
gf BB | a 2 :
i» . C iS :
= : i
Ww
i = — —— ———— roe ]
* i
ia i 1
VE a eats Ue 2 NA — a ""
tL = ic By 2 ss
Se 4 , .
e : [ee ae se Re BY
E . a ) , »
. | bil PP b ae
ie | Am € nN 4 '
_ wae , 3a {> ~
a . “ ‘ oh» N
— . ees 5 Bese
"
6,"ae SV AY Se i Ss t. ~ | Ai \ a) yy ; e Vom v ff 17 yN \ LX qj 4g) be “Th ~> \ - — Md ¥ 7 a >
ee \ Se , (hee is lp ) & ; \ = i \ y Che i) \( i] ee fe z NE ‘an Ve. e,
PN SAIN EZ PE PR ee,
Ss e>* TK LE ING | er [hg REE el VGA CF IMP t= WME 2 gy. ¥.
eA ES ah ON eee N Be m/s i ZA I SN NG Ms ry WA, WE Gh Ge rg fee ; <
| LR Ne a EL oleate NAT fo NE NSB || WINN
' c « < S . SZ ‘ 1 vi, il WING /7 Son i_\ of i ) Up TA 4 aA AN L¢ AI 1 AN ae «
. aed a / ‘ 4 Ss aI, St hy pit per) as C47 A| Kis 1 ALA ~“
— SIA ap LENS + a ae Bis ae
: “a ; NS \i) KS < V7} hy / Al i — 2 SOPs > SE j JANE es, ; 4 ’ z
‘E/N LES Ki / 7 t + LN bie G7 F . ,
wor = SUZ, NN SN E | E oe rar Tpit We lip) SUES fae
< \e Ny . CY) 3 | r £/7
. : Lehre NY NGS WY Aly 6 = 5 g ( q ae , Fy fa | ly hs
: ‘ w\e Ne Kay iN A = Is a Vy LE uy)
= ry eel \ j! = krsliaalte NX ‘Xo ! ry), ""WA, ( ~e \z A :
y \ t * ‘5 | —{—_] iY et 4 i / ea » be igs 4
aie J JAN s Ie yl WEDS |) pha fA NY A
Sa t] | 2@ ELL Le |_| Eee
Sil to] ieee : PARAM
: ik a (21 Ae SI Baws
o ee | | | | f YY \y LZ Se tf i
a x | Na | ——— — Ba 4 137 <4 Qe
: | | : F E $ ay j ae u¥ Ft \ x
t | res + ‘ =< nA }
\ . Fi | | . See E 3 E On AN mf, ,
We _—= | = 3 | gq g as fs ad \/ Rey KS wa
I = & | = 4 f 3} . pat ? a ~ ‘ wees j i
> > Yo ; x Ee) : 4 i J& a\e B) PAC Ae TN ~
: fi / : Bt J did ‘E Bx AS Ry AY
5 / 1 ce | E a SS N Lf faa
ee NS 35-443 : TESA NS PAS
— ae (A I = E sf 2 | “ \ TEy i; ; Sh
j 2 LOY | = EE = > Oe Sas ""pce ce © 2 ‘
/ a / : & & | ss r 1
—eeeeee CU | eee
/ t ah = , Doe ME, SE +
a 5 EO ae.
tv} ! EYES ji7 32 es > WN /
: I wD E¢ > € = oy Aen NS Xe .
P \ AS \ Z I = as OS pe = Na . \ x Mi p \ \s ~¥
16 ; SE ENS EAS
\ A= = , ; i] = q K re ; S > .
7] 7 =e S = at .
/ yy . | S225 = 3 ef NSS;
; / 7 I 328 2 E CO S< =
: A ‘| SESS : Ve ~
= Lop i] BEES |S | |a | ZEAY =
VG Bi hos jjf2e88 |e 4 ed > m5
eee: Ui as }38 523 aYA\.
; vA eeeee | bea ix)
. 4 » J a wo K 5 4 4
Ly LASS, - ete eNC CIE
A a ee
hg) J oa }
"
7,"1 f J Ce f a3 By : ; %
, : \ 2 f* y t : ~ & oN | e . \ ye \ . so —
‘ 5 aI Sing a eis Aa ge ; -
“atk / ‘ | me \ 4 me \ 4 ot y of \%
ay VW AS ot \ VE Oe ie :
Sac Ay CO ig Tabet / Whig x Se ae
\ \ Ss “ WN Zh oY Oe A Ma ~ J “ 4 é
os Veet EAE CORA a fa ea. \ 2 ean eo ee
‘ @ | Y WR cls | e: Ys he Le we yan : ey ig 7 s
hie . s Pon N\ WS ge. ’ %, : l VP ay aye i \% = : =
; iL J ASS Vie aa A yA Laie 2a ei Sm OO) 4 i ey
“Sled OF) a Tie hes A BR WA, os I a iV
: PF Nh RN Sg ee 7 Sie ee ye
FFP OS IS PNG NI Pn Ve ts PS
a LX RAE A EN A EN aa =)
ar 7 hme XK ey ¢ a 2 (A ie wr- oo ~<a ae rar :
d . Va 2 oa ASS < Fy ~~ =
. \ : PS Oe - Ce xe Se ie
ee es SD SEIS
ps promneanner eters i TE 2
: Tax Invoice 4/ Vo | & ia y
> | ater. LOFRO 0720220882 SAT SICA SUR | eae aan fy =
: | stud. #, Loi 0720220861 SAT Na Ae |} ——__—_— 3164 | Af. 2
‘ fant ai. 7, LCSD 0720220964 SAT Oh, BIE, ATMS aera TAT, AT, fH, TeTAT HI. Acc adCwHge poe J4 Fe ‘
- | GSTIN No. 27AGAPY30122Z0 3 Sit Rereren ete icon a acofat rebar IP 2441 1) jas
oe wz eS PTC on ke pe i os | <i
ode a = Ss .
[ie seeeeed [| eon
pea. | | oagya| | Ag0
eee ee rele | ee
iejcec ee “Seat Law | §
eo
“ip ee a oe ll OI
aoe ie TL S|
aan eel | a
oo a & ‘ S
tieelalc Y we!
met Hore Wel orrong elt Zar te what S
"
8,"| ra, ar. fat. arrarer
| aaretferes zat, eh-faenct, faeces, nerds, 20 da atteer Gare Feraaciicr_)
+ nae ¥ i ee een
(SAE 5. LAW -penezveressAr | Rene. 4. : LCSO -04202300868AT | wim. 4. : LCFRO -062023011454T]
GF f%.: 24/1 —/2O2RL
a Tt; ld ~-Tes J ¥ | > | $v
a“ r lAga a a i, | oe a wy) ft L&E 0 ‘
y Le ere &o't . ;
wn ‘ a aoa ¥} So
Som alta tent , .
: a ee es ghee Y a dj ne)
“ », ¢ + ef eS - ' a
. ‘ )
~ © 4 j 6 fri = 8 - a
> 9) 14aV oe ————
| 44°
Sg
pps Ab '
C- 7
"
9,"« ’ i
\ VAMOS Se MS yep | ote) eae \
11 ’
“| oN . yOu uaal i a hy
\ 4 ( \ , yo ueS r ; \
“HT WT RS ) ital aa NE ‘
» ©) Gl el | ; eS \ | |
\ ie ths i
* ' “ . | |
| \? cn: | 1"" |) ii :
{ - ! } | | ie 4 . A \ \ ‘ ‘ i
i | | yl lal fra | | Ky
| | Beau re n
| Beeeeati ""hi
4 } = t ; en \ \ \
' { | | | es | | | M| \ i \
mM | | | mer bid | 18 "" oN \
.) SO Cease , SIN
\ | | | | | | | | | P? \ \\ Na \
a NE TT fea re
on. | he | a
tee ll
| | | * Se | \ yd
| | | | ! 1
| wes
ye w j . (ta oe | | \ A '
i) - \ ' \ | | | im)
3). ol n
- a ee \, ¢ \ 1, Li,
, ' \ hy | \ a | \
2 ’ )
"
